eleves;projets
Eleve 1;"Projet 2;Projet 1;Projet 3;Projet 21;Projet 4"
Eleve 2;"Projet 3;Projet 1;Projet 3;Projet 21;Projet 5"
Eleve 3;"Projet 2;Projet 1;Projet 3;Projet 21;Projet 6"
Eleve 4;"Projet 4;Projet 1;Projet 3;Projet 21;Projet 7"
Eleve 5;"Projet 2;Projet 1;Projet 3;Projet 21;Projet 8"
Eleve 6;"Projet 5;Projet 1;Projet 3;Projet 21;Projet 9"
Eleve 7;"Projet 7;Projet 1;Projet 3;Projet 21;Projet 10"
Eleve 8;"Projet 2;Projet 1;Projet 3;Projet 21;Projet 11"
Eleve 9;"Projet 2;Projet 1;Projet 3;Projet 21;Projet 12"
Eleve 10;"Projet 2;Projet 1;Projet 3;Projet 21;Projet 13"
Eleve 11;"Projet 2;Projet 1;Projet 3;Projet 21;Projet 14"
Eleve 12;"Projet 2;Projet 1;Projet 3;Projet 21;Projet 15"
Eleve 13;"Projet 2;Projet 1;Projet 3;Projet 21;Projet 16"
Eleve 14;"Projet 2;Projet 1;Projet 3;Projet 21;Projet 17"
Eleve 15;"Projet 2;Projet 1;Projet 3;Projet 21;Projet 18"
Eleve 16;"Projet 2;Projet 1;Projet 3;Projet 21;Projet 19"
Eleve 17;"Projet 2;Projet 1;Projet 3;Projet 21;Projet 20"
Eleve 18;"Projet 2;Projet 1;Projet 3;Projet 21;Projet 21"
Eleve 19;"Projet 2;Projet 1;Projet 3;Projet 21;Projet 22"
Eleve 20;"Projet 2;Projet 1;Projet 3;Projet 21;Projet 23"
Eleve 21;"Projet 2;Projet 1;Projet 3;Projet 21;Projet 24"
Eleve 22;"Projet 2;Projet 1;Projet 3;Projet 21;Projet 25"
Eleve 23;"Projet 2;Projet 1;Projet 3;Projet 21;Projet 26"
Eleve 24;"Projet 2;Projet 1;Projet 3;Projet 21;Projet 27"
Eleve 25;"Projet 2;Projet 1;Projet 3;Projet 21;Projet 28"
Eleve 26;"Projet 2;Projet 1;Projet 3;Projet 21;Projet 29"
Eleve 27;"Projet 4;Projet 3;Projet 2;Projet 21;Projet 5"
Eleve 28;"Projet 4;Projet 3;Projet 2;Projet 21;Projet 6"
Eleve 29;"Projet 4;Projet 3;Projet 2;Projet 21;Projet 7"
Eleve 30;"Projet 4;Projet 3;Projet 2;Projet 21;Projet 8"
Eleve 31;"Projet 4;Projet 3;Projet 2;Projet 21;Projet 9"
Eleve 32;"Projet 4;Projet 3;Projet 2;Projet 21;Projet 10"
Eleve 33;"Projet 4;Projet 3;Projet 2;Projet 21;Projet 11"
Eleve 34;"Projet 4;Projet 3;Projet 2;Projet 21;Projet 12"
Eleve 35;"Projet 4;Projet 3;Projet 2;Projet 21;Projet 13"
Eleve 36;"Projet 4;Projet 3;Projet 2;Projet 21;Projet 14"
Eleve 37;"Projet 4;Projet 3;Projet 2;Projet 21;Projet 15"
Eleve 38;"Projet 4;Projet 3;Projet 2;Projet 21;Projet 16"
Eleve 39;"Projet 4;Projet 3;Projet 2;Projet 21;Projet 17"
Eleve 40;"Projet 4;Projet 3;Projet 2;Projet 21;Projet 18"
Eleve 41;"Projet 4;Projet 3;Projet 2;Projet 21;Projet 19"
Eleve 42;"Projet 4;Projet 3;Projet 2;Projet 21;Projet 20"
Eleve 43;"Projet 4;Projet 3;Projet 2;Projet 21;Projet 20"
Eleve 44;"Projet 4;Projet 3;Projet 2;Projet 21;Projet 22"
Eleve 45;"Projet 4;Projet 3;Projet 2;Projet 21;Projet 23"
Eleve 46;"Projet 4;Projet 3;Projet 2;Projet 21;Projet 24"
Eleve 47;"Projet 4;Projet 3;Projet 2;Projet 21;Projet 25"
Eleve 48;"Projet 4;Projet 3;Projet 2;Projet 21;Projet 26"
Eleve 49;"Projet 4;Projet 3;Projet 2;Projet 21;Projet 27"
Eleve 50;"Projet 4;Projet 3;Projet 2;Projet 21;Projet 28"
Eleve 51;"Projet 4;Projet 3;Projet 2;Projet 21;Projet 29"
Eleve 52;"Projet 5;Projet 1;Projet 2;Projet 6;Projet 7"
Eleve 53;"Projet 5;Projet 1;Projet 2;Projet 6;Projet 8"
Eleve 54;"Projet 5;Projet 1;Projet 2;Projet 6;Projet 9"
Eleve 55;"Projet 5;Projet 1;Projet 2;Projet 6;Projet 10"
Eleve 56;"Projet 5;Projet 1;Projet 2;Projet 6;Projet 11"
Eleve 57;"Projet 5;Projet 1;Projet 2;Projet 6;Projet 12"
Eleve 58;"Projet 5;Projet 1;Projet 2;Projet 6;Projet 13"
Eleve 59;"Projet 5;Projet 1;Projet 2;Projet 6;Projet 14"
Eleve 60;"Projet 5;Projet 1;Projet 2;Projet 6;Projet 15"
Eleve 61;"Projet 5;Projet 1;Projet 2;Projet 6;Projet 16"
Eleve 62;"Projet 5;Projet 1;Projet 2;Projet 6;Projet 17"
Eleve 63;"Projet 5;Projet 1;Projet 2;Projet 6;Projet 18"
Eleve 64;"Projet 5;Projet 1;Projet 2;Projet 6;Projet 19"
Eleve 65;"Projet 5;Projet 1;Projet 2;Projet 6;Projet 20"
Eleve 66;"Projet 5;Projet 1;Projet 2;Projet 6;Projet 21"
Eleve 67;"Projet 5;Projet 1;Projet 2;Projet 6;Projet 22"
Eleve 68;"Projet 5;Projet 1;Projet 2;Projet 6;Projet 23"
Eleve 69;"Projet 5;Projet 1;Projet 2;Projet 6;Projet 24"
Eleve 70;"Projet 5;Projet 1;Projet 2;Projet 6;Projet 25"
Eleve 71;"Projet 5;Projet 1;Projet 2;Projet 6;Projet 26"
Eleve 72;"Projet 5;Projet 1;Projet 2;Projet 6;Projet 27"
Eleve 73;"Projet 5;Projet 1;Projet 2;Projet 6;Projet 28"
Eleve 74;"Projet 5;Projet 1;Projet 2;Projet 6;Projet 29"
Eleve 75;"Projet 8;Projet 3;Projet 4;Projet 6;Projet 9"
Eleve 76;"Projet 8;Projet 3;Projet 4;Projet 6;Projet 10"
Eleve 77;"Projet 8;Projet 3;Projet 4;Projet 6;Projet 11"
Eleve 78;"Projet 8;Projet 3;Projet 4;Projet 6;Projet 12"
Eleve 79;"Projet 8;Projet 3;Projet 4;Projet 6;Projet 13"
Eleve 80;"Projet 8;Projet 3;Projet 4;Projet 6;Projet 14"
Eleve 81;"Projet 8;Projet 3;Projet 4;Projet 6;Projet 15"
Eleve 82;"Projet 8;Projet 3;Projet 4;Projet 6;Projet 16"
Eleve 83;"Projet 8;Projet 3;Projet 4;Projet 6;Projet 17"
Eleve 84;"Projet 8;Projet 3;Projet 4;Projet 6;Projet 18"
Eleve 85;"Projet 8;Projet 3;Projet 4;Projet 6;Projet 19"
Eleve 86;"Projet 8;Projet 3;Projet 4;Projet 6;Projet 20"
Eleve 87;"Projet 8;Projet 3;Projet 4;Projet 6;Projet 21"
Eleve 88;"Projet 8;Projet 3;Projet 4;Projet 6;Projet 22"
Eleve 89;"Projet 8;Projet 3;Projet 4;Projet 6;Projet 23"
Eleve 90;"Projet 8;Projet 3;Projet 4;Projet 6;Projet 24"
Eleve 91;"Projet 8;Projet 3;Projet 4;Projet 6;Projet 25"
Eleve 92;"Projet 8;Projet 3;Projet 4;Projet 6;Projet 26"
Eleve 93;"Projet 8;Projet 3;Projet 4;Projet 6;Projet 27"
Eleve 94;"Projet 8;Projet 3;Projet 4;Projet 6;Projet 28"
Eleve 95;"Projet 8;Projet 3;Projet 4;Projet 6;Projet 29"
Eleve 96;"Projet 8;Projet 3;Projet 4;Projet 6;Projet 30"
Eleve 97;"Projet 1;Projet 17;Projet 19;Projet 4;Projet 3"
Eleve 98;"Projet 18;Projet 4;Projet 9;Projet 22;Projet 27"
Eleve 99;"Projet 12;Projet 11;Projet 8;Projet 6;Projet 29"
Eleve 100;"Projet 19;Projet 14;Projet 12;Projet 7;Projet 24"